VJD001,Photo1.jpg,Gainsboro 2014,04.01.14,533,800,VJD001
VJD002,Photo2.jpg,Gainsboro 2014,04.01.14,542,800,VJD002
VJD003,photo3.jpg,Gainsboro 2014,04.01.14,1200,800,VJD003
VJD004,photo4.jpg,Gainsboro 2014,04.01.14,1200,800,VJD004
VJD005,photo5.JPG,Gainsboro 2014,04.01.14,600,800,VJD005
VJD006,photo6.JPG,Gainsboro 2014,04.01.14,1066,800,VJD006
VJD007,photo7.JPG,Gainsboro 2014,04.01.14,600,800,VJD007
VJD008,photo8.JPG,Gainsboro 2014,04.01.14,600,800,VJD008
VJD009,photo9.JPG,Gainsboro 2014,04.01.14,600,800,VJD009
VJD010,photo10.JPG,Gainsboro 2014,04.01.14,600,800,VJD010
